{"accuracy": [0.6046660542488098, 0.8599473834037781, 0.911188542842865, 0.9384593367576599, 0.9531403183937073, 0.9636673927307129, 0.9690731763839722, 0.9746496677398682, 0.9793157577514648, 0.9805676341056824], "loss": [1.3529146909713745, 0.4415692389011383, 0.2746204137802124, 0.18692240118980408, 0.1429082751274109, 0.11108715832233429, 0.09485334903001785, 0.07922401279211044, 0.06507672369480133, 0.059132613241672516], "val_accuracy": [0.8405987024307251, 0.9027999043464661, 0.9261893630027771, 0.9334167838096619, 0.9568063020706177, 0.9536194205284119, 0.9396767616271973, 0.958172082901001, 0.9556680917739868, 0.9685863852500916], "val_loss": [0.5011439323425293, 0.30749091506004333, 0.22198115289211273, 0.21767863631248474, 0.13718320429325104, 0.15279336273670197, 0.20454496145248413, 0.12914058566093445, 0.14865632355213165, 0.10640008747577667]}